Cohort,Model,Feature_Type,Fold,Selected_Threshold,Val_AUC_Best,Test_AUC,Test_AUPRC,Test_F1
mimic_cohort_aplasia_45_days,XGBoost,Full Codes,0,0.005,0.8113396449483199,0.8164833615341229,0.606800632363526,0.35368043087971274
mimic_cohort_aplasia_45_days,XGBoost,Full Codes,1,0.0,0.8021486779256423,0.8059223837915126,0.5456136143950682,0.35500878734622143
mimic_cohort_aplasia_45_days,XGBoost,Full Codes,2,0.0,0.813132043773075,0.8182920623591534,0.6010966723805694,0.3615720524017467
mimic_cohort_aplasia_45_days,XGBoost,Full Codes,3,0.005,0.8158981848798529,0.7834711430903649,0.5576541740533938,0.36261682242990656
mimic_cohort_aplasia_45_days,XGBoost,Full Codes,4,0.005,0.814367542746178,0.7304740325133074,0.40644340418325037,0.38924930491195553
mimic_cohort_aplasia_45_days,RandomForest,Full Codes,0,0.0,0.8069002184904589,0.8281972645234066,0.5711545394988978,0.35368043087971274
mimic_cohort_aplasia_45_days,RandomForest,Full Codes,1,0.005,0.8045460366054898,0.8045937086896701,0.5396454991329354,0.35500878734622143
mimic_cohort_aplasia_45_days,RandomForest,Full Codes,2,0.001,0.8050556445606105,0.8102063879141139,0.5651825189484246,0.3615720524017467
mimic_cohort_aplasia_45_days,RandomForest,Full Codes,3,0.001,0.8124231647348085,0.7803987665144965,0.545128722937291,0.36261682242990656
mimic_cohort_aplasia_45_days,RandomForest,Full Codes,4,0.001,0.8113890260522378,0.7464789238958424,0.4457586595996278,0.38817005545286504
mimic_cohort_aplasia_45_days,CatBoost,Full Codes,0,0.005,0.8168689599834181,0.8226804850535815,0.6051072347507771,0.35368043087971274
mimic_cohort_aplasia_45_days,CatBoost,Full Codes,1,0.001,0.8138386046240775,0.8092676774489438,0.531639422983919,0.35500878734622143
mimic_cohort_aplasia_45_days,CatBoost,Full Codes,2,0.005,0.8148271292876116,0.8201424823384021,0.5880867248975516,0.3615720524017467
mimic_cohort_aplasia_45_days,CatBoost,Full Codes,3,0.001,0.818982571953966,0.8002615110197419,0.5613913432939709,0.36261682242990656
mimic_cohort_aplasia_45_days,CatBoost,Full Codes,4,0.0,0.8231558138819036,0.7503596604805064,0.4427127493079688,0.38817005545286504
mimic_cohort_aplasia_45_days,XGBoost,Groups,0,0.0,0.8079728195039385,0.8356281725888324,0.6081204630986579,0.35368043087971274
mimic_cohort_aplasia_45_days,XGBoost,Groups,1,0.0,0.8168952384573215,0.7726077103623169,0.4845167512606111,0.35500878734622143
mimic_cohort_aplasia_45_days,XGBoost,Groups,2,0.0,0.8103091521953337,0.7970221455619659,0.5613688448839725,0.3615720524017467
mimic_cohort_aplasia_45_days,XGBoost,Groups,3,0.0,0.7960146387322053,0.8098111981134928,0.5895874665565841,0.36261682242990656
mimic_cohort_aplasia_45_days,XGBoost,Groups,4,0.0,0.8160684237365231,0.6974032513307438,0.36874677115399235,0.38817005545286504
mimic_cohort_aplasia_45_days,RandomForest,Groups,0,0.005,0.7936486231259433,0.8283629441624365,0.5785346910154819,0.35368043087971274
mimic_cohort_aplasia_45_days,RandomForest,Groups,1,0.005,0.8034584752404789,0.7754370464294387,0.49344702511568383,0.35500878734622143
mimic_cohort_aplasia_45_days,RandomForest,Groups,2,0.01,0.7994697217339194,0.7883846494445436,0.5598831900939698,0.3615720524017467
mimic_cohort_aplasia_45_days,RandomForest,Groups,3,0.005,0.793490051447344,0.785198173957735,0.5599690861740669,0.36261682242990656
mimic_cohort_aplasia_45_days,RandomForest,Groups,4,0.01,0.8085438714657017,0.7001222845633721,0.3729684544911465,0.38817005545286504
mimic_cohort_aplasia_45_days,CatBoost,Groups,0,0.01,0.8026747341365814,0.8284686971235194,0.5766012718498835,0.35368043087971274
mimic_cohort_aplasia_45_days,CatBoost,Groups,1,0.005,0.8165089098932515,0.7671109072760136,0.4610714886915909,0.35500878734622143
mimic_cohort_aplasia_45_days,CatBoost,Groups,2,0.005,0.8097781104521521,0.8147134822921418,0.5805307469865691,0.3615720524017467
mimic_cohort_aplasia_45_days,CatBoost,Groups,3,0.001,0.8046589289034897,0.8039309792302809,0.5677334462613077,0.36261682242990656
mimic_cohort_aplasia_45_days,CatBoost,Groups,4,0.001,0.8187069554561476,0.7043590850237377,0.3647214532687341,0.38817005545286504
mimic_cohort_aplasia_45_days,XGBoost,Combined,0,0.0,0.82981329910787,0.8497884940778341,0.6239124170269778,0.35368043087971274
mimic_cohort_aplasia_45_days,XGBoost,Combined,1,0.0,0.8335392802900641,0.8037169180133272,0.5372095555840968,0.35500878734622143
mimic_cohort_aplasia_45_days,XGBoost,Combined,2,0.0,0.830762551665645,0.8378272104257949,0.6139795359876119,0.3615720524017467
mimic_cohort_aplasia_45_days,XGBoost,Combined,3,0.01,0.8262212287443956,0.8164812407413007,0.611653935722475,0.36329588014981273
mimic_cohort_aplasia_45_days,XGBoost,Combined,4,0.005,0.8345271540451363,0.7328190188462091,0.41345727579257163,0.3873957367933272
mimic_cohort_aplasia_45_days,RandomForest,Combined,0,0.005,0.8120627914609059,0.835307388606881,0.6146744129130846,0.35368043087971274
mimic_cohort_aplasia_45_days,RandomForest,Combined,1,0.01,0.818076231956427,0.801325977284377,0.523170286675328,0.35500878734622143
mimic_cohort_aplasia_45_days,RandomForest,Combined,2,0.01,0.8166328978316733,0.8131901901306529,0.5753545837819174,0.3615720524017467
mimic_cohort_aplasia_45_days,RandomForest,Combined,3,0.005,0.814488031777516,0.8001934879221212,0.5902254796516653,0.36261682242990656
mimic_cohort_aplasia_45_days,RandomForest,Combined,4,0.005,0.8182997368963122,0.7299741044454036,0.42413344311686085,0.38817005545286504
mimic_cohort_aplasia_45_days,CatBoost,Combined,0,0.005,0.8267791244532593,0.8539128595600677,0.6372094707639773,0.35368043087971274
mimic_cohort_aplasia_45_days,CatBoost,Combined,1,0.001,0.8321339744311441,0.8045701027868456,0.5222763068107675,0.35500878734622143
mimic_cohort_aplasia_45_days,CatBoost,Combined,2,0.001,0.82571146696219,0.8323849930939684,0.6131106599539976,0.3615720524017467
mimic_cohort_aplasia_45_days,CatBoost,Combined,3,0.001,0.8258370524184384,0.8119841581763764,0.5843182433464054,0.36261682242990656
mimic_cohort_aplasia_45_days,CatBoost,Combined,4,0.005,0.8332612574395445,0.7420299237519781,0.4134928155711132,0.38817005545286504
